original_language,pop,sent,n
zh,54.03826363636363,0.024309327036599767,11
es,36.8002375,0.023059538840788842,16
en,61.32639533333334,-0.016988643925151863,150
ja,86.02524444444445,-0.03325033068783069,18
