original_language,pop,sent,n
en,137.19510810810812,-0.009214567384210243,74
